<component name="ProjectRunConfigurationManager">
  <configuration default="false" name="it-multiplatform-0:dokka" type="GradleRunConfiguration" factoryName="Gradle" folderName="sample-projects">
    <ExternalSystemSettings>
      <option name="executionName" />
      <option name="externalProjectPath" value="$PROJECT_DIR$/integration-tests/gradle/projects/it-multiplatform-0" />
      <option name="externalSystemIdString" value="GRADLE" />
      <option name="scriptParameters" value="" />
      <option name="taskDescriptions">
        <list />
      </option>
      <option name="taskNames">
        <list>
          <option value="clean" />
          <option value="dokkaHtml" />
        </list>
      </option>
      <option name="vmOptions" value="" />
    </ExternalSystemSettings>
    <GradleScriptDebugEnabled>true</GradleScriptDebugEnabled>
    <method v="2">
      <option name="Gradle.BeforeRunTask" enabled="false" tasks="publishToMavenLocal" externalProjectPath="$PROJECT_DIR$" vmOptions="" scriptParameters="" />
    </method>
  </configuration>
</component>